user_id,user_skills,user_location
user_1,"Product Strategy, Scrum, User Stories, Stakeholder Management, Agile",Atlanta
user_2,"Keras, Deep Learning, AI, Predictive Modeling",Seattle
user_3,"Swift, Flutter, iOS, Kotlin, Sketch",Los Angeles
user_4,"Linux, Docker, Monitoring",Los Angeles
user_5,"Research, NLP, TensorFlow, Python",Atlanta
user_6,"Data Analysis, NLP, Research, Penetration Testing, SIEM",New York
user_7,"Scrum, User Stories, Backlog Grooming, Agile",Los Angeles
user_8,"SQL, TypeScript, MongoDB, Azure, Google Cloud",Atlanta
user_9,"Flutter, Kotlin, iOS, Swift",Boston
user_10,"Data Modeling, SQL, MySQL, Statistics, Machine Learning",Seattle
user_11,"Email Marketing, Digital Marketing, Social Media, Kubernetes, CI/CD",Austin
user_12,"Webpack, Angular, UI Development, Vue.js, Google Ads",Atlanta
user_13,"SIEM, Cryptography, Security Audits",Austin
user_14,"Blockchain, Web3, Smart Contracts, Content Creation, Google Analytics",Atlanta
user_15,"SQL, Oracle, Redis, MySQL, MongoDB, Scrum, Jira",Los Angeles
user_16,"Spring Boot, C#, Node.js, Redis, Python, Web3, Solidity",Austin
user_17,"AWS, Jenkins, Linux, Google Cloud, Networking, Social Media",Chicago
user_18,"JavaScript, UI Development, Next.js, Webpack, Angular",Atlanta
user_19,"Blockchain, Solidity, Web3, Smart Contracts, Ethereum",Atlanta
user_20,"Smart Contracts, Blockchain, Web3, Solidity, Ethereum, JavaScript, CSS",Seattle
user_21,"Data Analysis, Deep Learning, Research, AI, TensorFlow",San Francisco
user_22,"React Native, Kotlin, JavaScript, TypeScript",Denver
user_23,"Webpack, Next.js, CSS, UI Development, Angular, Solidity, Ethereum",San Francisco
user_24,"Backlog Grooming, User Stories, Stakeholder Management, Agile, AWS",Los Angeles
user_25,"Swift, JavaScript, Android",Atlanta
user_26,"Cybersecurity, Linux, SIEM",San Francisco
user_27,"Ethical Hacking, Firewalls, Linux, Google Ads",Los Angeles
user_28,"Cryptography, Networking, Ethical Hacking, Cloud Computing, Serverless",Chicago
user_29,"Serverless, Google Cloud, Azure, Cloud Security, Cloud Architecture, Web3",Atlanta
user_30,"Spark, Data Pipelines, Tableau, Data Analysis",San Francisco
user_31,"SQL, Oracle, PostgreSQL, MongoDB, Data Modeling",Miami
user_32,"JavaScript, Angular, Tailwind CSS, Vue.js, HTML, Pandas",Seattle
user_33,"TypeScript, Python, Docker, SQL, REST APIs",San Francisco
user_34,"Machine Learning, Power BI, Statistics, Stakeholder Management",San Francisco
user_35,"Next.js, Tailwind CSS, TypeScript",Miami
user_36,"Web3, Smart Contracts, Blockchain, Ethereum, Solidity, Data Analysis, Predictive Modeling",Atlanta
user_37,"REST APIs, Redis, SQL, GraphQL, Spring Boot",Atlanta
user_38,"SIEM, Networking, Linux",Chicago
user_39,"Statistics, Tableau, Hadoop",Atlanta
user_40,"React Native, Android, Swift, NumPy",Miami
user_41,"Figma, Wireframing, Sketch",New York
user_42,"Monitoring, Docker, Linux",Atlanta
user_43,"PostgreSQL, Data Modeling, Oracle, Redis, MongoDB, Google Ads",Boston
user_44,"Solidity, Smart Contracts, Ethereum, Blockchain, Web3, Data Modeling",Denver
user_45,"Vue.js, TypeScript, CSS, Tailwind CSS",New York
user_46,"Product Strategy, User Stories, Agile, Jira",Boston
user_47,"Stakeholder Management, Agile, User Stories, Jira, Scrum, React Native, JavaScript",Miami
user_48,"Cloud Architecture, Azure, Terraform, Cloud Computing",Seattle
user_49,"JavaScript, HTML, CSS, MongoDB",Boston
user_50,"Kubernetes, Cloud Security, Serverless, AWS, Google Cloud",Atlanta
user_51,"Python, HTML, Node.js, MongoDB, Cloud Architecture, Google Cloud",Miami
user_52,"SEO, Google Analytics, Google Ads, SEM, Content Marketing",Miami
user_53,"Email Marketing, Content Marketing, Google Analytics, Content Creation, SIEM",Chicago
user_54,"Adobe XD, UX/UI, Prototyping, Sketch, Product Roadmap",Austin
user_55,"Machine Learning, Hadoop, Big Data, Data Pipelines",Miami
user_56,"Angular, CSS, HTML, React, Networking",Seattle
user_57,"Microservices, Java, C#, REST APIs, Python, Solidity, Blockchain",Atlanta
user_58,"Design Systems, UX Research, User Testing, Wireframing, PostgreSQL, Oracle",Denver
user_59,"Cybersecurity, Linux, Security Audits",Seattle
user_60,"MongoDB, Python, SQL, HTML, Solidity",Austin
user_61,"CSS, JavaScript, Angular",Los Angeles
user_62,"Terraform, Azure, Monitoring, Networking",Denver
user_63,"Big Data, Data Visualization, Spark, Data Analysis, Azure, Google Cloud",New York
user_64,"Cloud Architecture, Google Cloud, Cloud Security, Terraform, Azure",Miami
user_65,"Figma, Adobe XD, Prototyping, UX/UI",Austin
user_66,"MongoDB, MySQL, PostgreSQL, Data Modeling, Pandas, Scikit-learn",Chicago
user_67,"Ethereum, Blockchain, Web3, Smart Contracts, Terraform, Azure",New York
user_68,"Solidity, Ethereum, Smart Contracts",Austin
user_69,"JavaScript, Webpack, CSS, Next.js, Vue.js",Chicago
user_70,"Web3, Ethereum, Blockchain, Solidity, Smart Contracts",Miami
user_71,"Scikit-learn, Predictive Modeling, Power BI, SQL, Excel, Scrum",Chicago
user_72,"Data Modeling, Redis, SQL, Web3, Blockchain",Boston
user_73,"Machine Learning, Python, Keras, Kubernetes, Serverless",Austin
user_74,"Cloud Computing, Serverless, Terraform, Cloud Architecture, Cloud Security",Chicago
user_75,"Google Cloud, Terraform, Networking, Azure, TensorFlow, Python",Boston
user_76,"SQL, Spring Boot, Go, Redis, Cloud Security",Seattle
user_77,"Python, Data Analysis, Deep Learning, Reinforcement Learning",Denver
user_78,"Penetration Testing, Networking, Security Audits, SIEM, AI, Research",Boston
user_79,"Firewalls, Security Audits, Cryptography, Linux, CI/CD, Networking",Chicago
user_80,"Vue.js, JavaScript, Tailwind CSS",Austin
user_81,"TypeScript, Webpack, Tailwind CSS, UI Development",San Francisco
user_82,"MySQL, PostgreSQL, Data Modeling",New York
user_83,"React Native, iOS, Kotlin, TypeScript",Denver
user_84,"Python, Reinforcement Learning, AI, Computer Vision, Agile",Chicago
user_85,"MongoDB, SQL, Redis, Oracle, PyTorch",Miami
user_86,"React, HTML, REST APIs",Miami
user_87,"Digital Marketing, Email Marketing, Content Marketing, Google Ads, Google Analytics, TypeScript, Webpack",Miami
user_88,"Power BI, Predictive Modeling, Statistics, Solidity",Seattle
user_89,"MongoDB, Microservices, Go, TypeScript, React",Seattle
user_90,"React, MongoDB, Python, CSS, Ethereum, Solidity",Austin
user_91,"Node.js, Python, CSS, Keras",Chicago
user_92,"iOS, Flutter, Android, React Native, Kotlin, REST APIs",Boston
user_93,"Content Marketing, SEO, Digital Marketing",Chicago
user_94,"Email Marketing, Content Creation, Google Ads",Austin
user_95,"Email Marketing, Social Media, Content Marketing, Security Audits, SIEM",Austin
user_96,"Monitoring, Azure, Ansible, AWS, Adobe XD, Prototyping",Chicago
user_97,"Ansible, AWS, Networking, Google Cloud",Los Angeles
user_98,"Spark, Hadoop, SQL, Data Analysis",Chicago
user_99,"User Testing, Design Systems, Figma, UX Research",Miami
user_100,"Smart Contracts, Ethereum, Web3",Los Angeles
user_101,"Python, Keras, PyTorch",Denver
user_102,"Kotlin, Flutter, Android, iOS, React Native",Denver
user_103,"Design Systems, Sketch, UX Research",San Francisco
user_104,"HTML, Python, JavaScript, CSS, Linux, Cryptography",Denver
user_105,"Design Systems, UX Research, UX/UI, Sketch, Adobe XD, Jenkins",Los Angeles
user_106,"Vue.js, Next.js, Angular, Cryptography, Linux",New York
user_107,"Python, Microservices, GraphQL, C#, Agile, Stakeholder Management",Austin
user_108,"Serverless, Cloud Computing, Google Cloud, PostgreSQL, Python",Boston
user_109,"MySQL, Oracle, MongoDB, SQL, UX/UI",Chicago
user_110,"UI Development, JavaScript, Next.js, Cybersecurity",New York
user_111,"Excel, NumPy, Data Pipelines",Los Angeles
user_112,"Go, PostgreSQL, Node.js, Redis",Austin
user_113,"AI, Deep Learning, Python, PyTorch, Reinforcement Learning, Cybersecurity, Linux",Chicago
user_114,"Product Strategy, Stakeholder Management, Backlog Grooming, Scrum",San Francisco
user_115,"Networking, Cybersecurity, Penetration Testing, Cryptography, User Stories",Denver
user_116,"Computer Vision, Research, NLP, AI, TensorFlow",Los Angeles
user_117,"JavaScript, CSS, Docker, Python, REST APIs",Seattle
user_118,"Content Marketing, Google Analytics, Social Media, Digital Marketing, SEM, UI Development",New York
user_119,"SQL, Node.js, React, Python, CSS, Tableau, Power BI",Austin
user_120,"Web3, Smart Contracts, Ethereum, Solidity, Blockchain, Networking, Linux",San Francisco
user_121,"Networking, Security Audits, Ethical Hacking, Java, Spring Boot",Atlanta
user_122,"AI, NLP, Research, Machine Learning, Computer Vision, Android",Seattle
user_123,"Security Audits, Penetration Testing, Firewalls, Ethical Hacking, Linux",Chicago
user_124,"Agile, Jira, Product Roadmap, Python",Seattle
user_125,"Prototyping, UX Research, Wireframing, Design Systems",Austin
user_126,"Cloud Architecture, Cloud Computing, AWS, Kubernetes, Google Cloud, User Testing",Denver
user_127,"Vue.js, Tailwind CSS, UI Development, React, CSS, Deep Learning, Keras",Denver
user_128,"Research, TensorFlow, AI, Computer Vision, Deep Learning, JavaScript",Miami
user_129,"CSS, Webpack, UI Development, Tailwind CSS, HTML",Austin
user_130,"Solidity, Web3, Smart Contracts, Blockchain, Data Analysis",New York
user_131,"Go, SQL, Java",Austin
user_132,"REST APIs, HTML, React, CSS, MongoDB",Denver
user_133,"Ethereum, Blockchain, Smart Contracts, Web3, Solidity",Atlanta
user_134,"Docker, REST APIs, CSS, Spark",Denver
user_135,"PyTorch, Keras, Reinforcement Learning, NLP, Computer Vision, Cloud Security, Cloud Computing",Denver
user_136,"Adobe XD, UX/UI, User Testing, UX Research, Design Systems, Computer Vision, Python",Los Angeles
user_137,"Kubernetes, Cloud Computing, Google Cloud, Azure, Docker, Networking",San Francisco
user_138,"Computer Vision, PyTorch, Data Analysis, TensorFlow, Reinforcement Learning, Blockchain",Boston
user_139,"Data Modeling, Oracle, SQL, MySQL, Smart Contracts, Ethereum",Miami
user_140,"User Testing, UX/UI, UX Research, Figma, Sketch",Atlanta
user_141,"Jenkins, Terraform, Azure, Ansible",Miami
user_142,"Google Analytics, SEO, SEM, Wireframing, Prototyping",Boston
user_143,"Scikit-learn, Machine Learning, R",New York
user_144,"Machine Learning, Python, Computer Vision, PyTorch, SQL",Miami
user_145,"Google Ads, Content Creation, Digital Marketing",Miami
user_146,"Big Data, Spark, Hadoop, Power BI, Terraform, Ansible",San Francisco
user_147,"Monitoring, Jenkins, Google Cloud, Ansible, CI/CD, MongoDB",Los Angeles
user_148,"Google Analytics, Content Marketing, Digital Marketing",Austin
user_149,"Ethereum, Web3, Solidity, Smart Contracts",Austin
user_150,"REST APIs, C#, Redis, SQL, Python",Los Angeles
user_151,"MongoDB, SQL, MySQL, Cloud Architecture, Cloud Security",Chicago
user_152,"Research, Python, Computer Vision, Cloud Architecture",San Francisco
user_153,"JavaScript, Angular, TypeScript, Vue.js, UI Development, Cryptography, SIEM",Atlanta
user_154,"Product Roadmap, User Stories, Jira, Stakeholder Management, Scrum",Seattle
user_155,"PyTorch, Research, Reinforcement Learning",San Francisco
user_156,"Microservices, Go, Redis, GraphQL, JavaScript, Android",Boston
user_157,"PostgreSQL, Spring Boot, Redis, Go, Prototyping",Atlanta
user_158,"TensorFlow, Reinforcement Learning, Computer Vision, NLP",San Francisco
user_159,"User Stories, Product Roadmap, Product Strategy, Stakeholder Management, Agile, Research, AI",Seattle
user_160,"AWS, Google Cloud, Docker, SEM, Google Ads",New York
user_161,"Tailwind CSS, Webpack, HTML, Vue.js, UI Development, UX Research, Design Systems",Boston
user_162,"Stakeholder Management, Agile, Jira, User Stories, Product Roadmap, MySQL, Oracle",Miami
user_163,"Redis, Oracle, PostgreSQL",Boston
user_164,"REST APIs, Node.js, React, Python, Docker, Smart Contracts, Solidity",Atlanta
user_165,"Computer Vision, TensorFlow, Reinforcement Learning, NLP, PyTorch, Security Audits",Denver
user_166,"HTML, JavaScript, TypeScript",San Francisco
user_167,"Figma, Prototyping, UX Research, Wireframing, Adobe XD, Solidity, Web3",Austin
user_168,"Oracle, MongoDB, SQL, Social Media, Content Marketing",Denver
user_169,"Email Marketing, Content Marketing, Google Analytics, SEM, Google Ads",Denver
user_170,"Redis, MongoDB, Oracle, MySQL, PostgreSQL",Atlanta
user_171,"Sketch, Wireframing, Figma, SQL, C#",San Francisco
user_172,"React Native, Swift, Kotlin, Flutter, Machine Learning",San Francisco
user_173,"Angular, React, UI Development, Terraform, Cloud Architecture",San Francisco
user_174,"Docker, Monitoring, Linux, Kubernetes",Austin
user_175,"R, Spark, Hadoop, Excel",New York
user_176,"PyTorch, Data Analysis, Research",Atlanta
user_177,"Terraform, Cloud Computing, AWS, Cloud Architecture",Seattle
user_178,"Azure, Cloud Security, Cloud Architecture, Terraform, Product Roadmap",Austin
user_179,"MongoDB, CSS, REST APIs, Node.js, Stakeholder Management",San Francisco
user_180,"Design Systems, Figma, UX/UI, UX Research, User Testing, MySQL, Data Modeling",New York
user_181,"Networking, Monitoring, Docker, Google Cloud, AWS",Boston
user_182,"Sketch, User Testing, Prototyping, UX/UI, Adobe XD",Austin
user_183,"NLP, Deep Learning, TensorFlow, Figma",Boston
user_184,"Python, JavaScript, MongoDB, TypeScript, SEO, Social Media",Chicago
user_185,"Reinforcement Learning, Python, Machine Learning, Computer Vision, Linux",Denver
user_186,"Docker, Azure, Networking, Monitoring, Content Creation",Chicago
user_187,"Monitoring, CI/CD, Networking, Google Cloud",Miami
user_188,"Kotlin, Flutter, React Native, JavaScript, Smart Contracts, Ethereum",San Francisco
user_189,"Jira, Agile, Scrum, Product Strategy, Product Roadmap, Kubernetes",San Francisco
user_190,"Angular, Webpack, React, HTML, Kubernetes, Cloud Security",Denver
user_191,"Web3, Smart Contracts, Solidity",Boston
user_192,"Agile, Stakeholder Management, Scrum",Denver
user_193,"Adobe XD, Wireframing, UX Research, Sketch, UX/UI",Seattle
user_194,"Content Marketing, SEM, Email Marketing, SEO",Denver
user_195,"GraphQL, PostgreSQL, SQL, Adobe XD, Wireframing",Chicago
user_196,"Oracle, Data Modeling, PostgreSQL, MySQL, MongoDB",Seattle
user_197,"Deep Learning, Python, TensorFlow, Redis, Data Modeling",Boston
user_198,"SIEM, Firewalls, Cryptography, Email Marketing, Digital Marketing",Los Angeles
user_199,"Oracle, SQL, MongoDB, Redis, Node.js, C#",Miami
user_200,"C#, Java, Python, GraphQL, TypeScript",Austin
user_201,"REST APIs, SQL, C#, Spring Boot, Python",Chicago
user_202,"HTML, TypeScript, Tailwind CSS, JavaScript, Google Ads",Austin
user_203,"Agile, User Stories, Backlog Grooming, Stakeholder Management, Google Analytics",Seattle
user_204,"Ethereum, Blockchain, Smart Contracts, Solidity, Web3, Content Marketing, Digital Marketing",Chicago
user_205,"Cryptography, Linux, Penetration Testing",Denver
user_206,"Cryptography, Security Audits, Networking, Linux, Firewalls",Boston
user_207,"Cloud Security, Azure, Google Cloud, Serverless",Denver
user_208,"PyTorch, Keras, TensorFlow",Chicago
user_209,"Google Cloud, Kubernetes, Cloud Computing, Penetration Testing, Cryptography",Denver
user_210,"Figma, Adobe XD, UX/UI, Wireframing, MongoDB, TypeScript",Miami
user_211,"Google Cloud, Jenkins, Networking, CI/CD",Atlanta
user_212,"Statistics, NumPy, Scikit-learn, Ethical Hacking, Networking",New York
user_213,"Google Analytics, SEM, Content Marketing, Content Creation, Digital Marketing, Jenkins, Monitoring",Miami
user_214,"Machine Learning, Computer Vision, AI",Atlanta
user_215,"Ansible, Azure, Networking, AWS, Jenkins, HTML",Boston
user_216,"Web3, Solidity, Blockchain, Cryptography, Networking",Miami
user_217,"iOS, JavaScript, Android, Flutter, Email Marketing, SEO",Boston
user_218,"CI/CD, Monitoring, AWS, Google Cloud, Networking, Ethical Hacking",Miami
user_219,"Networking, Cryptography, Firewalls, Security Audits, SIEM",New York
user_220,"SEO, Email Marketing, Google Ads, PyTorch, Machine Learning",Seattle
user_221,"AWS, Google Cloud, Cloud Computing, Azure, Backlog Grooming, Product Strategy",Los Angeles
user_222,"Linux, Ansible, Networking, CI/CD, Google Cloud, UX/UI",Chicago
user_223,"Wireframing, UX/UI, Prototyping, UX Research",Denver
user_224,"CI/CD, Networking, Docker, Ansible, Azure, Social Media, Google Ads",Chicago
user_225,"Machine Learning, NumPy, Hadoop, Pandas, R",Denver
user_226,"TypeScript, Tailwind CSS, UI Development, HTML, React",Miami
user_227,"Android, iOS, Swift, React",San Francisco
user_228,"Azure, Google Cloud, AWS, Cloud Computing",Austin
user_229,"Terraform, Cloud Computing, Google Cloud, Cloud Architecture, Adobe XD",Miami
user_230,"HTML, Angular, UI Development, Blockchain",Denver
user_231,"Java, Spring Boot, Go, Linux",Chicago
user_232,"Linux, Cryptography, Networking, Cybersecurity, Penetration Testing, Content Marketing, SEM",Boston
user_233,"Redis, Node.js, Java, SQL, iOS, Android",Seattle
user_234,"MongoDB, C#, SQL, Python, Android, React Native",Austin
user_235,"Spring Boot, MongoDB, REST APIs, Python, SQL",Chicago
user_236,"Social Media, Content Marketing, SEO, Content Creation, Hadoop",Chicago
user_237,"GraphQL, Spring Boot, Python, Redis, SQL, Content Marketing",Austin
user_238,"Security Audits, Networking, Firewalls, Cybersecurity, Penetration Testing",Atlanta
user_239,"Web3, Ethereum, Smart Contracts, Tailwind CSS, Vue.js",San Francisco
user_240,"Content Creation, Content Marketing, Google Analytics, Digital Marketing, SEM",Austin
user_241,"Monitoring, Terraform, Jenkins, Adobe XD, User Testing",New York
user_242,"Linux, Ethical Hacking, Cybersecurity, Penetration Testing",Chicago
user_243,"JavaScript, React Native, Swift, Android",New York
user_244,"Cloud Security, AWS, Serverless",Denver
user_245,"R, Big Data, NumPy",Los Angeles
user_246,"SIEM, Cryptography, Security Audits, Linux, Google Cloud",Atlanta
user_247,"AWS, Cloud Security, Google Cloud, Web3, Blockchain",Atlanta
user_248,"Kubernetes, Google Cloud, Serverless, Azure, React",Los Angeles
user_249,"Content Marketing, SEM, SEO, Hadoop",Miami
user_250,"Agile, Product Roadmap, User Stories, Predictive Modeling",Seattle
user_251,"Web3, Smart Contracts, Ethereum, Pandas, Data Visualization",Chicago
user_252,"MongoDB, Spring Boot, Redis, Content Creation",Miami
user_253,"Flutter, iOS, JavaScript, React Native, Swift, Stakeholder Management, Backlog Grooming",Los Angeles
user_254,"Google Cloud, Serverless, Azure, Cloud Architecture",Chicago
user_255,"SQL, Redis, MongoDB, Oracle, Blockchain",Seattle
user_256,"React, Docker, SQL, TypeScript, Python",Seattle
user_257,"SQL, Machine Learning, Power BI, Scikit-learn, Hadoop",Miami
user_258,"Swift, Kotlin, Android, React Native, CSS",San Francisco
user_259,"Android, iOS, Swift, Penetration Testing, Security Audits",Chicago
user_260,"Cloud Computing, Cloud Security, Google Cloud, Serverless, Flutter, React Native",Denver
user_261,"Smart Contracts, Blockchain, Ethereum, Web3, React",Chicago
user_262,"UX Research, Wireframing, Adobe XD, Design Systems, Sketch, User Stories",Miami
user_263,"Oracle, Data Modeling, MySQL, Redis, PostgreSQL",Denver
user_264,"Cryptography, Firewalls, Security Audits, Cybersecurity",Denver
user_265,"Java, C#, GraphQL, Python, PostgreSQL, Digital Marketing",Austin
user_266,"PostgreSQL, SQL, Data Modeling, MongoDB, Redis, Research",Miami
user_267,"Firewalls, Networking, Ethical Hacking, Data Pipelines",Chicago
user_268,"UX Research, Sketch, Figma, Design Systems, Wireframing, Data Visualization",Seattle
user_269,"Digital Marketing, SEM, Google Ads, Content Marketing, Jenkins, Terraform",Seattle
user_270,"TypeScript, JavaScript, React, REST APIs, MongoDB, Data Analysis, Python",New York
user_271,"Scrum, Product Roadmap, User Stories",Boston
user_272,"SEO, Content Marketing, SEM, Social Media, Google Analytics, NLP, TensorFlow",San Francisco
user_273,"Agile, Scrum, Jira, Backlog Grooming, User Stories, UX Research",San Francisco
user_274,"CSS, REST APIs, HTML",Boston
user_275,"Azure, Kubernetes, AWS, Cloud Architecture, Terraform, Python",Boston
user_276,"Social Media, SEO, Content Creation, Google Ads, Backlog Grooming, Scrum",Boston
user_277,"UX Research, Adobe XD, Design Systems, Terraform, Azure",San Francisco
user_278,"TypeScript, Node.js, REST APIs, SQL, CSS",San Francisco
user_279,"Python, Computer Vision, NLP, Keras",Austin
user_280,"Data Analysis, Reinforcement Learning, AI, Machine Learning",San Francisco
user_281,"Machine Learning, Pandas, Scikit-learn, Python, R",Los Angeles
user_282,"Terraform, Google Cloud, Kubernetes, Cloud Security, Azure, Smart Contracts",Chicago
user_283,"REST APIs, Python, TypeScript, Keras",Boston
user_284,"Docker, CSS, MongoDB, TypeScript, JavaScript, Smart Contracts",New York
user_285,"Cloud Architecture, Kubernetes, Terraform, Google Cloud, Cloud Security",Miami
user_286,"Redis, REST APIs, Microservices, SQL, Node.js",Los Angeles
user_287,"Monitoring, Google Cloud, Jenkins, Terraform, Linux",Los Angeles
user_288,"React, CSS, MongoDB, Node.js, Linux",Seattle
user_289,"Networking, Linux, SIEM, Solidity, Smart Contracts",Austin
user_290,"Flutter, iOS, JavaScript, Cloud Security, Cloud Architecture",Atlanta
user_291,"Predictive Modeling, Machine Learning, Data Analysis, Scikit-learn, Spark, Google Cloud, AWS",Miami
user_292,"User Stories, Agile, Backlog Grooming, Stakeholder Management, Terraform, Cloud Security",Denver
user_293,"Jenkins, Ansible, Kubernetes, Linux, AWS",Denver
user_294,"Keras, PyTorch, Computer Vision",Chicago
user_295,"Google Cloud, Linux, Networking, Docker, Jenkins, Vue.js, JavaScript",Chicago
user_296,"Pandas, Data Analysis, Tableau, C#",Austin
user_297,"UX Research, User Testing, Adobe XD, UX/UI, Design Systems",Austin
user_298,"Product Roadmap, Backlog Grooming, Product Strategy, Cloud Architecture, AWS",Seattle
user_299,"JavaScript, Webpack, UI Development, HTML, Next.js",Boston
user_300,"Next.js, Tailwind CSS, Vue.js, Angular, TypeScript, Jenkins, Docker",Boston
user_301,"Monitoring, CI/CD, Jenkins, Jira",Boston
user_302,"PyTorch, Computer Vision, Reinforcement Learning",Atlanta
user_303,"Cloud Architecture, Cloud Security, Azure, Terraform, Cloud Computing, C#",Austin
user_304,"Security Audits, Linux, Cybersecurity",New York
user_305,"MongoDB, PostgreSQL, Oracle",Los Angeles
user_306,"User Testing, UX Research, Prototyping, UX/UI, Cryptography, SIEM",Miami
user_307,"SQL, Statistics, Data Visualization, Data Pipelines, Node.js, Docker",Miami
user_308,"iOS, React Native, JavaScript, Android, Swift, Firewalls, Ethical Hacking",Denver
user_309,"Adobe XD, UX/UI, Sketch, Figma",Denver
user_310,"Docker, React, MongoDB",Seattle
user_311,"Web3, Blockchain, Ethereum, Smart Contracts, JavaScript",Seattle
user_312,"Web3, Smart Contracts, Blockchain, Ethereum",Boston
user_313,"Kotlin, iOS, React Native, Swift, Flutter",New York
user_314,"Node.js, MongoDB, TypeScript, SQL, REST APIs, GraphQL",Los Angeles
user_315,"Cybersecurity, Networking, Penetration Testing, Linux, Ethical Hacking",San Francisco
user_316,"Kubernetes, Serverless, Terraform, Google Cloud, Cloud Computing, React",Denver
user_317,"User Stories, Scrum, Product Roadmap, Google Cloud",Chicago
user_318,"Jenkins, Kubernetes, Networking, Google Cloud, Linux, AWS",San Francisco
user_319,"Scrum, User Stories, Backlog Grooming, Linux, Ethical Hacking",Los Angeles
user_320,"TypeScript, HTML, UI Development, JavaScript, Vue.js, Spring Boot, Python",Boston
user_321,"User Stories, Stakeholder Management, Jira, MongoDB",San Francisco
user_322,"Flutter, React Native, Swift",Miami
user_323,"React, Vue.js, JavaScript, Sketch, User Testing",San Francisco
user_324,"JavaScript, UI Development, Vue.js, Tailwind CSS, HTML",Austin
user_325,"Google Cloud, Azure, Cloud Computing, Redis",Austin
user_326,"Cryptography, Networking, Cybersecurity",Denver
user_327,"PostgreSQL, SQL, Redis",Los Angeles
user_328,"Terraform, CI/CD, Docker, Cloud Security",Miami
user_329,"SEO, Google Analytics, SEM, Email Marketing, Social Media, REST APIs",Chicago
user_330,"Backlog Grooming, Product Roadmap, Agile",Seattle
user_331,"Ethical Hacking, Security Audits, Cryptography, SIEM, Penetration Testing, Computer Vision, Data Analysis",Austin
user_332,"Ethereum, Web3, Blockchain, PostgreSQL, SQL",New York
user_333,"Web3, Blockchain, Solidity, Smart Contracts",San Francisco
user_334,"Product Strategy, Agile, Jira, Content Creation",Seattle
user_335,"Blockchain, Ethereum, Solidity, Smart Contracts",Seattle
user_336,"Data Analysis, Hadoop, SQL, R",Austin
user_337,"Reinforcement Learning, TensorFlow, PyTorch",Denver
user_338,"CI/CD, Kubernetes, Linux, Monitoring, Networking, Data Modeling",New York
user_339,"Docker, CI/CD, Jenkins, Networking, Google Cloud, HTML, SQL",New York
user_340,"Cryptography, Cybersecurity, Networking, Ethical Hacking, REST APIs",Atlanta
user_341,"Data Visualization, SQL, Spark",Boston
user_342,"Cloud Security, Cloud Architecture, Azure, REST APIs, MongoDB",Boston
user_343,"React, HTML, JavaScript, Node.js, Agile",Los Angeles
user_344,"Computer Vision, Keras, Data Analysis, Python, Linux",Seattle
user_345,"CSS, MongoDB, Docker, SQL, Python, Terraform, Ansible",Seattle
user_346,"Java, REST APIs, C#, SQL",New York
user_347,"Azure, CI/CD, Docker, Terraform, Ansible",Los Angeles
user_348,"Cybersecurity, SIEM, Ethical Hacking, Linux, Firewalls, Redis, SQL",Denver
user_349,"iOS, Swift, Flutter",San Francisco
user_350,"Google Ads, Content Marketing, Content Creation, Digital Marketing, Social Media, Kubernetes, Cloud Security",Denver
user_351,"Node.js, CSS, React",Austin
user_352,"Computer Vision, Machine Learning, Keras, Data Analysis",Boston
user_353,"Blockchain, Smart Contracts, Ethereum, Web3",Austin
user_354,"Web3, Ethereum, Blockchain, Solidity, Smart Contracts, Android",Seattle
user_355,"Monitoring, CI/CD, Networking",Austin
user_356,"Predictive Modeling, Data Visualization, Data Analysis, Data Pipelines, SQL, Adobe XD",New York
user_357,"Power BI, Scikit-learn, NumPy, CSS",Miami
user_358,"React, MongoDB, Docker, Keras",Boston
user_359,"TensorFlow, PyTorch, Research, Machine Learning",Los Angeles
user_360,"Networking, Cryptography, Linux, SIEM, Security Audits",Chicago
user_361,"CSS, TypeScript, MongoDB, Microservices",Atlanta
user_362,"Networking, Cryptography, Penetration Testing, SIEM",Atlanta
user_363,"React, Angular, Vue.js, Next.js, TypeScript, MySQL, Redis",Atlanta
user_364,"AWS, Linux, Jenkins",Seattle
user_365,"SQL, Spark, NumPy, Scikit-learn, PostgreSQL",San Francisco
user_366,"React, CSS, Angular, Vue.js, Tailwind CSS, Kubernetes",Seattle
user_367,"Social Media, SEO, Content Creation, Digital Marketing, Google Ads",Miami
user_368,"Email Marketing, Google Analytics, SEM",Denver
user_369,"Data Visualization, Python, Spark",New York
user_370,"Linux, Kubernetes, Networking, React",Austin
user_371,"Content Creation, Social Media, SEO, Redis, PostgreSQL",Los Angeles
user_372,"Social Media, Google Ads, SEM, Content Creation",Los Angeles
user_373,"Smart Contracts, Solidity, Web3, Blockchain, Ethereum, Networking",Chicago
user_374,"Android, React Native, iOS, GraphQL, Go",New York
user_375,"REST APIs, PostgreSQL, Go, Python, Microservices, MySQL",San Francisco
user_376,"HTML, JavaScript, Vue.js, Next.js",New York
user_377,"React, SQL, Python, TypeScript, CSS",New York
user_378,"Big Data, Tableau, Predictive Modeling, Data Visualization, Power BI",Boston
user_379,"UX/UI, Sketch, Design Systems, Figma",New York
user_380,"React, TypeScript, SQL, Node.js",Los Angeles
user_381,"SQL, Go, Redis, SEO, Digital Marketing",Austin
user_382,"SEM, Social Media, Content Creation, MongoDB",Atlanta
user_383,"Android, Kotlin, JavaScript, Swift, Figma",Los Angeles
user_384,"SEO, Social Media, Content Creation, SIEM, Cybersecurity",Miami
user_385,"Penetration Testing, Cryptography, Security Audits",Chicago
user_386,"Machine Learning, Python, AI, NLP, PostgreSQL",Atlanta
user_387,"Kubernetes, Google Cloud, Terraform, AWS",Chicago
user_388,"Ethical Hacking, Cryptography, Networking, Security Audits, JavaScript",Boston
user_389,"Solidity, Ethereum, Web3, Smart Contracts, Blockchain, MongoDB",Chicago
user_390,"TensorFlow, Data Analysis, Research, AI, PyTorch",San Francisco
user_391,"Solidity, Web3, Ethereum, Python, PostgreSQL",Los Angeles
user_392,"Webpack, TypeScript, Vue.js, React Native",Los Angeles
user_393,"Wireframing, User Testing, UX Research, Figma",Miami
user_394,"Digital Marketing, Google Ads, SEM, Azure",Miami
user_395,"Web3, Smart Contracts, Solidity, Blockchain",Los Angeles
user_396,"Agile, Scrum, Jira, Product Roadmap, Digital Marketing",New York
user_397,"Terraform, AWS, Kubernetes, Cloud Security, Google Cloud, Linux",Chicago
user_398,"TypeScript, React, MongoDB, Node.js",Chicago
user_399,"Android, Flutter, iOS, React Native, Google Cloud",Seattle
user_400,"Data Modeling, MySQL, SQL, PostgreSQL, Redis, Firewalls, Networking",Austin
user_401,"Solidity, Web3, Ethereum, Content Marketing",New York
user_402,"Penetration Testing, Cybersecurity, Cryptography, Firewalls",Atlanta
user_403,"AWS, Terraform, Google Cloud, Serverless, Cloud Computing, PyTorch, Python",Miami
user_404,"Wireframing, Adobe XD, Sketch",New York
user_405,"Terraform, Cloud Security, Kubernetes, Azure, Cloud Architecture",Chicago
user_406,"Agile, Product Roadmap, Scrum, Stakeholder Management, Backlog Grooming, Statistics",Miami
user_407,"Smart Contracts, Blockchain, Solidity, Web3, Ethereum, Swift, Flutter",Chicago
user_408,"Scrum, Agile, Product Strategy, Jira, Google Analytics, SEM",Denver
user_409,"AI, Computer Vision, NLP, Research",Chicago
user_410,"React, Webpack, Angular",Boston
user_411,"Backlog Grooming, Jira, User Stories",Los Angeles
user_412,"Terraform, Kubernetes, Serverless",Seattle
user_413,"Stakeholder Management, Product Strategy, Jira, Scrum, MySQL",San Francisco
user_414,"Firewalls, Cryptography, Security Audits, Linux",San Francisco
user_415,"TypeScript, Angular, Vue.js, Tailwind CSS, HTML",Miami
user_416,"JavaScript, CSS, React, Docker, Data Analysis",San Francisco
user_417,"MongoDB, SQL, PostgreSQL, Redis, Prototyping",Los Angeles
user_418,"Social Media, Google Ads, Digital Marketing, Linux",Boston
user_419,"Agile, Backlog Grooming, Product Roadmap, Jira, Scrum, Jenkins",Austin
user_420,"Cryptography, Networking, Security Audits, MongoDB, Data Modeling",Denver
user_421,"Terraform, Kubernetes, AWS, Google Cloud, Cloud Computing",Seattle
user_422,"Data Visualization, Predictive Modeling, NumPy, R, Machine Learning, Flutter",Atlanta
user_423,"SEO, Google Analytics, Google Ads",Denver
user_424,"Flutter, Android, Swift, Kotlin, Prototyping, UX/UI",Austin
user_425,"Solidity, Web3, Smart Contracts, Webpack",Atlanta
user_426,"PostgreSQL, Java, MongoDB, Spring Boot, C#",Miami
user_427,"Data Analysis, Python, SQL, NumPy, Spark, Machine Learning",San Francisco
user_428,"Sketch, UX/UI, Prototyping, UX Research, Figma",Chicago
user_429,"Cloud Computing, Google Cloud, Terraform, AWS, Cloud Security, Kotlin",San Francisco
user_430,"Web3, Solidity, Blockchain",Atlanta
user_431,"TypeScript, HTML, React, Next.js",Seattle
user_432,"React Native, JavaScript, Android, Jenkins",Denver
user_433,"Python, Redis, GraphQL, Spring Boot, REST APIs, MySQL, Data Modeling",Denver
user_434,"SQL, Excel, NumPy",Boston
user_435,"AWS, Google Cloud, Kubernetes, Computer Vision",Boston
user_436,"SIEM, Security Audits, Networking, Cryptography, Firewalls, REST APIs",Los Angeles
user_437,"Linux, Networking, Security Audits, SIEM",San Francisco
user_438,"Python, MongoDB, Go, Hadoop, Tableau",Miami
user_439,"Google Cloud, Serverless, Terraform, User Stories",Denver
user_440,"Pandas, Python, Data Visualization, Predictive Modeling, Big Data",Boston
user_441,"Adobe XD, UX Research, Prototyping, User Testing, Design Systems, Smart Contracts, Blockchain",Austin
user_442,"SQL, Oracle, PostgreSQL, Email Marketing, Google Ads",San Francisco
user_443,"Smart Contracts, Ethereum, Web3, Blockchain, Angular, CSS",San Francisco
user_444,"SIEM, Linux, Penetration Testing, Cryptography, Backlog Grooming",New York
user_445,"Data Analysis, TensorFlow, Keras, NLP, Deep Learning, Pandas, NumPy",New York
user_446,"MySQL, Redis, Oracle, MongoDB",Boston
user_447,"Swift, React Native, Kotlin, iOS, Flutter, Data Analysis, Reinforcement Learning",Boston
user_448,"Flutter, Swift, JavaScript",San Francisco
user_449,"REST APIs, MongoDB, Docker, Vue.js",San Francisco
user_450,"Web3, Ethereum, Solidity, Smart Contracts, Blockchain, Agile, Product Strategy",New York
user_451,"Design Systems, Sketch, Prototyping, Wireframing, Jira",San Francisco
user_452,"Cloud Security, Cloud Architecture, Terraform, Cloud Computing, Product Strategy",Los Angeles
user_453,"Kubernetes, Azure, Jenkins, Design Systems, Prototyping",Atlanta
user_454,"Product Strategy, Stakeholder Management, Jira",Austin
user_455,"iOS, Android, Kotlin, React Native, Swift, Go, GraphQL",Los Angeles
user_456,"User Stories, Backlog Grooming, Agile, Product Strategy, Figma",Los Angeles
user_457,"REST APIs, Spring Boot, Node.js",Chicago
user_458,"Product Strategy, Scrum, Backlog Grooming",New York
user_459,"Monitoring, Ansible, Terraform, Networking, Azure, Data Analysis",Chicago
user_460,"Flutter, Android, Kotlin, React Native, Cloud Computing",Seattle
user_461,"Social Media, Content Marketing, Digital Marketing, Cybersecurity",Denver
user_462,"Node.js, Redis, C#, Machine Learning",New York
user_463,"Google Cloud, Cloud Security, Cloud Computing, Serverless",New York
user_464,"Kubernetes, Linux, Jenkins, GraphQL",Miami
user_465,"Redis, MySQL, SQL, Oracle, MongoDB, Cryptography",Atlanta
user_466,"Data Analysis, Reinforcement Learning, Machine Learning, Keras, CSS, UI Development",Boston
user_467,"Jenkins, Ansible, Google Cloud",Atlanta
user_468,"SQL, Oracle, MySQL, Product Roadmap, Stakeholder Management",Miami
user_469,"Social Media, Digital Marketing, Email Marketing",San Francisco
user_470,"Cloud Computing, AWS, Cloud Security, Google Cloud, Cloud Architecture",Atlanta
user_471,"Penetration Testing, Security Audits, Cybersecurity, Ethical Hacking, Linux, HTML",Atlanta
user_472,"Power BI, Big Data, Data Analysis, Spark, Statistics, TypeScript, React",Austin
user_473,"Machine Learning, Predictive Modeling, SQL, Cloud Computing",Atlanta
user_474,"Machine Learning, Reinforcement Learning, Python, AI, SQL, JavaScript",Los Angeles
user_475,"Scrum, User Stories, Stakeholder Management",Miami
user_476,"Data Pipelines, Data Analysis, Excel, Scikit-learn, Go, Python",Chicago
user_477,"Ethereum, Blockchain, Web3, Smart Contracts, Cloud Architecture",Atlanta
user_478,"TypeScript, SQL, JavaScript, Node.js, Java",New York
user_479,"SEM, Google Analytics, Content Creation, Social Media, Google Ads, UX Research",Atlanta
user_480,"Go, Spring Boot, REST APIs",San Francisco
user_481,"GraphQL, C#, Microservices, Product Strategy",San Francisco
user_482,"CSS, Docker, SQL, HTML, React",Seattle
user_483,"Deep Learning, Computer Vision, Python",Denver
user_484,"Jenkins, Kubernetes, Networking, Linux, Ansible, Node.js, JavaScript",Boston
user_485,"UI Development, Angular, TypeScript, Vue.js, JavaScript, Blockchain, Web3",Denver
user_486,"Docker, Kubernetes, Jenkins, Networking, CI/CD, Design Systems",Seattle
user_487,"React, JavaScript, HTML",Miami
user_488,"SEO, Google Analytics, Email Marketing, Jira, Backlog Grooming",Los Angeles
user_489,"TypeScript, HTML, Next.js, JavaScript, CSS, Agile, Stakeholder Management",Seattle
user_490,"PostgreSQL, Redis, Data Modeling, MongoDB, SQL, Google Ads",Denver
user_491,"Terraform, Docker, CI/CD, Linux",Seattle
user_492,"Scikit-learn, Spark, Hadoop, Data Pipelines, SEO",Boston
user_493,"NLP, Reinforcement Learning, Research, Data Analysis, PyTorch, Digital Marketing, Social Media",Miami
user_494,"Product Strategy, Product Roadmap, Scrum, Backlog Grooming, User Stories, Computer Vision, Python",Denver
user_495,"Email Marketing, Google Ads, SEM",San Francisco
user_496,"Sketch, Design Systems, User Testing, UI Development",Seattle
user_497,"Serverless, Cloud Security, Terraform, Web3",Austin
user_498,"Agile, Scrum, Product Strategy, R",Atlanta
user_499,"Tableau, Statistics, Predictive Modeling, Webpack, UI Development",New York
user_500,"Swift, Flutter, iOS, Docker, Node.js",Seattle
